[
  {
    "id": 1,
    "title": "World's Best City",
    "authname": "azad",
    "name": "dhaka",
    "img": "https://res.cloudinary.com/abidazad/image/upload/v1643176045/travel/pexels-sebastian-voortman-165505_1_xv5nnj.jpg",
    "country": "Bangladesh",
    "rating": "5",
    "description": "CNN reported: It was already world-famous thanks to its striking red-hued bridge, drool-worthy restaurant scene and booming tech industry -- and now San Francisco has been crowned the  city, according to Time Out.The international media brand deployed its network of editors from across the world -- as well as surveying some 27,000 global city dwellers --"
  },
  {
    "id": 2,
    "title": "World's Best City",
    "authname": "azad",
    "name": "dhaka",
    "img": "https://res.cloudinary.com/abidazad/image/upload/v1643176046/travel/pexels-pixabay-210012_1_hcxq1t.jpg",
    "country": "Bangladesh",
    "rating": "5",
    "description": "CNN reported: It was already world-famous thanks to its striking red-hued bridge, drool-worthy restaurant scene and booming tech industry -- and now San Francisco has been crowned the  city, according to Time Out.The international media brand deployed its network of editors from across the world -- as well as surveying some 27,000 global city dwellers --"
  },
  {
    "id": 3,
    "title": "World's Best City",
    "authname": "azad",
    "name": "dhaka",
    "img": "https://res.cloudinary.com/abidazad/image/upload/v1643176046/travel/pexels-yovan-verma-2082103_1_kin8em.jpg",
    "country": "Bangladesh",
    "rating": "5",
    "description": "CNN reported: It was already world-famous thanks to its striking red-hued bridge, drool-worthy restaurant scene and booming tech industry -- and now San Francisco has been crowned the  city, according to Time Out.The international media brand deployed its network of editors from across the world -- as well as surveying some 27,000 global city dwellers --"
  },
  {
    "id": 4,
    "title": "World's Best City",
    "authname": "azad",
    "name": "dhaka",
    "img": "https://res.cloudinary.com/abidazad/image/upload/v1643176047/travel/pexels-belle-co-1000445_1_iutvqi.jpghttps://res.cloudinary.com/abidazad/image/upload/v1643176047/travel/pexels-belle-co-1000445_1_iutvqi.jpg",
    "country": "Bangladesh",
    "rating": "5",
    "description": "CNN reported: It was already world-famous thanks to its striking red-hued bridge, drool-worthy restaurant scene and booming tech industry -- and now San Francisco has been crowned the  city, according to Time Out.The international media brand deployed its network of editors from across the world -- as well as surveying some 27,000 global city dwellers --"
  },
  {
    "id": 5,
    "title": "World's Best City",
    "authname": "azad",
    "name": "dhaka",
    "img": "",
    "country": "Bangladesh",
    "rating": "5",
    "description": "CNN reported: It was already world-famous thanks to its striking red-hued bridge, drool-worthy restaurant scene and booming tech industry -- and now San Francisco has been crowned the  city, according to Time Out.The international media brand deployed its network of editors from across the world -- as well as surveying some 27,000 global city dwellers --"
  },
  {
    "id": 6,
    "title": "World's Best City",
    "authname": "azad",
    "name": "dhaka",
    "img": "",
    "country": "Bangladesh",
    "rating": "5",
    "description": "CNN reported: It was already world-famous thanks to its striking red-hued bridge, drool-worthy restaurant scene and booming tech industry -- and now San Francisco has been crowned the  city, according to Time Out.The international media brand deployed its network of editors from across the world -- as well as surveying some 27,000 global city dwellers --"
  },
  {
    "id": 7,
    "title": "World's Best City",
    "authname": "azad",
    "name": "dhaka",
    "img": "",
    "country": "Bangladesh",
    "rating": "5",
    "description": "CNN reported: It was already world-famous thanks to its striking red-hued bridge, drool-worthy restaurant scene and booming tech industry -- and now San Francisco has been crowned the  city, according to Time Out.The international media brand deployed its network of editors from across the world -- as well as surveying some 27,000 global city dwellers --"
  },
  {
    "id": 8,
    "title": "World's Best City",
    "authname": "azad",
    "name": "dhaka",
    "img": "",
    "country": "Bangladesh",
    "rating": "5",
    "description": "CNN reported: It was already world-famous thanks to its striking red-hued bridge, drool-worthy restaurant scene and booming tech industry -- and now San Francisco has been crowned the  city, according to Time Out.The international media brand deployed its network of editors from across the world -- as well as surveying some 27,000 global city dwellers --"
  },
  {
    "id": 9,
    "title": "World's Best City",
    "authname": "azad",
    "name": "dhaka",
    "img": "",
    "country": "Bangladesh",
    "rating": "5",
    "description": "CNN reported: It was already world-famous thanks to its striking red-hued bridge, drool-worthy restaurant scene and booming tech industry -- and now San Francisco has been crowned the  city, according to Time Out.The international media brand deployed its network of editors from across the world -- as well as surveying some 27,000 global city dwellers --"
  },
  {
    "id": 10,
    "title": "World's Best City",
    "authname": "azad",
    "name": "dhaka",
    "img": "https://res.cloudinary.com/abidazad/image/upload/v1643176045/travel/pexels-sebastian-voortman-165505_1_xv5nnj.jpg",
    "country": "Bangladesh",
    "rating": "5",
    "description": "CNN reported: It was already world-famous thanks to its striking red-hued bridge, drool-worthy restaurant scene and booming tech industry -- and now San Francisco has been crowned the  city, according to Time Out.The international media brand deployed its network of editors from across the world -- as well as surveying some 27,000 global city dwellers --"
  },
  {
    "id": 11,
    "title": "World's Best City",
    "authname": "azad",
    "name": "dhaka",
    "img": "",
    "country": "Bangladesh",
    "rating": "5",
    "description": "CNN reported: It was already world-famous thanks to its striking red-hued bridge, drool-worthy restaurant scene and booming tech industry -- and now San Francisco has been crowned the  city, according to Time Out.The international media brand deployed its network of editors from across the world -- as well as surveying some 27,000 global city dwellers --"
  },
  {
    "id": 12,
    "title": "World's Best City",
    "authname": "azad",
    "name": "dhaka",
    "img": "",
    "country": "Bangladesh",
    "rating": "5",
    "description": "CNN reported: It was already world-famous thanks to its striking red-hued bridge, drool-worthy restaurant scene and booming tech industry -- and now San Francisco has been crowned the  city, according to Time Out.The international media brand deployed its network of editors from across the world -- as well as surveying some 27,000 global city dwellers --"
  }
]
